﻿pos_x,pos_y,rotation,side,designator,mpn,pack,footprint,value,mount_type
-17.594768,59.212915,15.0,top,C1,,,C_0603_1608Metric,1uF,smt
-59.209415,17.628593,-105.0,top,C2,,,C_0603_1608Metric,1uF,smt
-43.66,-43.66,-45.0,top,C3,,,C_0603_1608Metric,1uF,smt
-67.7,6.35,0.0,top,J1,,,PinHeader_1x06_P2.54mm_Vertical,VESC_CONN,tht
-64.425,1.3,180.0,top,R1,,,R_0603_1608Metric,10K,smt
-64.425,-1.26,0.0,top,R2,,,R_0603_1608Metric,10K,smt
-64.425,-3.81,180.0,top,R3,,,R_0603_1608Metric,10K,smt
-64.425,3.8,0.0,top,R4,,,R_0603_1608Metric,10K,smt
-57.8,-0.0,-90.0,top,TH1,,,R_0603_1608Metric,10K_NTC,smt
-15.210323,56.770272,15.0,top,U1,,,SOT-23,A3141,smt
-56.774987,15.211434,75.0,top,U2,,,SOT-23,A3141,smt
-41.544665,-41.548839,135.0,top,U3,,,SOT-23,A3141,smt
-56.771278,15.211434,-105.0,top,U4,,,SOT-23,A3141,smt
