﻿Designator,Quantity,Value,Footprint,Package,MPN,DNP,Mount_Type,Description
"C1, C2, C3",3,1uF,C_0603_1608Metric,,,,smt,"Unpolarized capacitor, small symbol"
J1,1,VESC_CONN,PinHeader_1x06_P2.54mm_Vertical,,,,tht,"Generic connector, single row, 01x06, script generated (kicad-library-utils/schlib/autogen/connector/)"
"R1, R2, R3, R4",4,10K,R_0603_1608Metric,,,,smt,Resistor
TH1,1,10K_NTC,R_0603_1608Metric,,,,smt,"Temperature dependent resistor, negative temperature coefficient"
"U1, U2, U3, U4",4,A3141,SOT-23,,,,smt,"Hall Effect Switch, SOT-23"
